[
  {
    "id": "peugeot-stellantis-you-mostoles-fuensanta",
    "name": "Peugeot Stellantis &You Móstoles - P. Fuensanta",
    "city": "Móstoles",
    "sourceId": "concesionario",
    "telefono": "916450710",
    "email": "",
    "direccion": "Av. de la Reguera, 30, 28936 Móstoles, Madrid, España",
    "web": "https://www.stellantisandyou.com/es/nuestros-concesionarios/peugeot-stellantis-you-mostoles-p-fuensanta-5072/"
  },
  {
    "id": "peugeot-alcala-534-coslada",
    "name": "Peugeot Alcalá 534",
    "city": "Coslada",
    "sourceId": "concesionario",
    "telefono": "916697776",
    "email": "alcala534coslada@alcala534coslada.redpeugeot.com",
    "direccion": "Av. de José Gárate, 5 c/v C/ Alcarria, 1, 28823 Coslada, Madrid, España",
    "web": "https://peugeot.a534.es/"
  },
  {
    "id": "peugeot-mosancar-collado-villalba",
    "name": "Peugeot Mosancar",
    "city": "Collado Villalba",
    "sourceId": "concesionario",
    "telefono": "918501120",
    "email": "mosancar@mosancar.com",
    "direccion": "Vía de Servicio A-6, 19, 28400 Collado Villalba, Madrid, España",
    "web": "https://www.mosancar.com/"
  },
  {
    "id": "citroen-alcala-534-torrejon-de-ardoz",
    "name": "Citroën Alcalá 534",
    "city": "Torrejón de Ardoz",
    "sourceId": "concesionario",
    "telefono": "",
    "email": "",
    "direccion": "C. de Torrejón, 13, 28850 Torrejón de Ardoz, Madrid, España",
    "web": ""
  },
  {
    "id": "opel-ferciauto-colmenar-viejo",
    "name": "Opel Ferciauto",
    "city": "Colmenar Viejo",
    "sourceId": "concesionario",
    "telefono": "916286406",
    "email": "ventas@ferciauto.com",
    "direccion": "C. Madroño, 4, 28770 Colmenar Viejo, Madrid, España",
    "web": "https://www.fercigroup.com/concesionarios/ferciauto-concesionario-opel-jeep/"
  },
  {
    "id": "opel-mosancar-collado-villalba",
    "name": "Opel Mosancar",
    "city": "Collado Villalba",
    "sourceId": "concesionario",
    "telefono": "918501120",
    "email": "mosancar@mosancar.com",
    "direccion": "Vía de Servicio A-6, 19, 28400 Collado Villalba, Madrid, España",
    "web": "https://www.mosancar.com/"
  },
  {
    "id": "opel-auracar-automoviles-guadalajara",
    "name": "Opel Auracar Automóviles",
    "city": "Guadalajara",
    "sourceId": "concesionario",
    "telefono": "",
    "email": "",
    "direccion": "C. Méjico, 20, 19004 Guadalajara, España",
    "web": "https://redoficial.opel.es/auracar/"
  },
  {
    "id": "peugeot-auracar-automoviles-guadalajara",
    "name": "Peugeot Auracar Automóviles",
    "city": "Guadalajara",
    "sourceId": "concesionario",
    "telefono": "949200350",
    "email": "peugeot@auracar.es",
    "direccion": "C/ Méjico, 20, 19004 Guadalajara, España",
    "web": ""
  },
  {
    "id": "toyota-hersamotor-coslada",
    "name": "Toyota Hersamotor",
    "city": "Coslada",
    "sourceId": "concesionario",
    "telefono": "",
    "email": "",
    "direccion": "C. de Eduardo Torroja, 2, 28823 Coslada, Madrid, España",
    "web": ""
  },
  {
    "id": "peugeot-autos-velasco-leganes",
    "name": "Autos Velasco, S.L. (Peugeot)",
    "city": "Leganés",
    "sourceId": "concesionario",
    "telefono": "",
    "email": "",
    "direccion": "Av. Carlos Sainz, 1, 28914 Leganés, Madrid, España",
    "web": "https://www.autosvelasco.com/"
  },
  {
    "id": "autos-velasco-citroen-madrid",
    "name": "Autos Velasco, S.L. (Citroën)",
    "city": "Leganés",
    "sourceId": "concesionario",
    "telefono": "",
    "email": "",
    "direccion": "Av. Carlos Sainz, 1, 28914 Leganés, Madrid, España",
    "web": "https://www.autosvelasco.com/"
  },
  {
    "id": "spoticar-citroen-sy-granada",
    "name": "CITROËN S&Y Granada (SPOTICAR)",
    "city": "Granada",
    "sourceId": "spoticar",
    "telefono": "",
    "email": "",
    "direccion": "",
    "web": ""
  },
  {
    "id": "spoticar-stellantis-you-almeria",
    "name": "STELLANTIS & YOU Almería (SPOTICAR)",
    "city": "Almería",
    "sourceId": "spoticar",
    "telefono": "",
    "email": "",
    "direccion": "",
    "web": ""
  },
  {
    "id": "spoticar-peugeot-sy-vigo",
    "name": "PEUGEOT S&Y Vigo (SPOTICAR)",
    "city": "Vigo",
    "sourceId": "spoticar",
    "telefono": "",
    "email": "",
    "direccion": "",
    "web": ""
  }
]
